﻿{"cameraMode":{"drawMode":0,"name":"Shaded","section":"Shading Mode"},"sceneLighting":true,"audioPlay":false,"sceneViewState":{"showFog":true,"showMaterialUpdate":false,"showSkybox":true,"showFlares":true,"showImageEffects":true,"showParticleSystems":true},"in2DMode":false,"pivot":{"x":-1.7806692123413087,"y":-3.432586669921875,"z":1.3216063976287842},"rotation":{"x":0.00021647411631420255,"y":0.6989921927452087,"z":-0.7151292562484741,"w":0.00020975204824935645},"size":41.90705871582031,"orthographic":false}